{"Heart risk": {"Sex": {"1": 0.8862575853059259, "0": 0.11374241469407408}, "Age": {"mean": 56.07911376719749, "std": 7.768723022925007}, "Cholesterol": {"mean": 248.10358500853235, "std": 32.92264533274574}, "Max HR": {"mean": 143.46737167822016, "std": 19.72285403363266}, "prob": 0.44833968253968254}, "Health probs": {"Sex": {"1": 0.5753367899501073, "0": 0.42466321004989266}, "Age": {"mean": 52.558093029411936, "std": 8.30412023470241}, "Cholesterol": {"mean": 242.49910227710865, "std": 34.08006412899757}, "Max HR": {"mean": 160.4151047631105, "std": 14.740397981416596}, "prob": 0.5516603174603174}}